id;street_address;postal_code;city;state_province
1;approach Keyboard HTTP;Credit;McCulloughland;systems payment Wyoming
2;Fantastic SAS;Operative secondary Guadeloupe;Brandonburgh;Future
3;optical Oklahoma;architect hacking Supervisor;Port Sidshire;yellow back Plains
4;Vermont;Cheese Money Metal;Shanachester;infrastructure
5;feed Delaware;backing;Kochview;exploit indexing Ergonomic
6;Berkshire Squares;Concrete;Cummerataport;parse Gorgeous
7;Wooden User world-class;out-of-the-box Costa;Jersey City;regional sensor Account
8;Virginia virtual;blue auxiliary;South Bend;synthesize Account Station
9;Home;Networked zero hack;Amyastad;channels Plastic Assistant
10;ROI Toys;Account Dynamic;East Raqueltown;Ergonomic Computer
